Player,Team,0,1,2,3,4,5,6
Shorts II T. ,Telekom Baskets Bonn,-2.2356409086192346,0.8036128884533599,-3.039405386528459,-2.3682987642888578,-1.9999464722046787,-0.8307162706892715,1.6127432018676287
Russell D. ,EWE Baskets Oldenburg,-2.489735948804022,-0.35383487008444553,-3.363854878420336,-2.679864263946716,0.864953057184837,-0.01487485412213539,-1.0367554420624723
Washington E. ,MLP Academics Heidelberg,-2.2958987156011257,-0.45106170547188923,-2.7821817789633374,-1.6939642306745462,-1.1629066115610622,0.1256660304910702,-0.9816854036214454
Whittaker S. ,Würzburg Baskets,-2.2131642877869937,1.0201943178492847,-2.8526491034300463,-0.7720969627020974,1.2409550561733944,-2.2256272020576526,0.36810953711438177
Hunt C. ,Würzburg Baskets,-1.925753004187152,0.6134507602422586,-2.7221734234835147,0.8688055510266195,-1.5524104998299926,-1.2962411560744713,-2.37980995243907
Hubb P. ,MHP RIESEN Ludwigsburg,-1.6491571572120811,-2.0334655760004017,-1.7250868513788578,-0.3310229514095593,-2.5801096829468224,0.09010729712047853,0.19870345096183403
Alston Jr. D. ,ROSTOCK SEAWOLVES,-1.5099629057463608,-0.3719611293923588,-1.7144943219072393,2.684006141137932,-2.373078388456718,-0.024539946253836327,-3.5981673967636314
Childress B. ,medi bayreuth,-1.26303289947714,-1.1568147874544543,-1.4735466088974178,-0.7632746023765127,2.5771996897936256,1.085629216899034,-0.9699005790509678
Krämer D. ,Basketball Löwen Braunschweig,-1.4135175140047849,-1.4261289523500427,-0.8014460747802199,2.763552917471294,-1.5386185498479377,0.5924479693564305,-3.1071369788996126
Dunn J. ,MHP RIESEN Ludwigsburg,-1.0675107263729018,-1.9860106031842546,-0.081002847076189,2.7651053989599634,-1.0298221851380625,-1.4224323352728871,1.526974277113489
Beliauskas L. ,FRAPORT SKYLINERS,-1.0989634605913035,-1.9481178336342044,-0.292382784462583,1.2411818505949566,-2.0181814161114158,0.3186327757470672,1.95470321228552
Drechsel T. ,EWE Baskets Oldenburg,-1.3768345197612608,-0.7991547633687645,-0.7982207884896344,1.3076864466214522,0.05962522020947334,0.8462779787958544,-1.512878002617666
McCullum K. ,Veolia Towers Hamburg,-1.1367038163557037,1.5247925062184884,-2.2461675384587254,-1.3323395253897976,-2.293472423674735,-2.141961976470535,-2.31608549923642
Lewis Je. ,ROSTOCK SEAWOLVES,-1.1013141760710694,1.3408826754957366,-1.947484296487187,-2.8538735059423748,-3.5612805269853047,-0.7322232261834426,-1.2487328274495673
Frey H. ,BG Göttingen,-0.9034885663453306,-0.6927241988975781,-1.3419840119064452,0.09658114019741937,-3.43173556355128,-1.6144581771438156,-0.436751549733956
Smith M. ,BG Göttingen,-1.1697734157306157,-0.9423943950358402,-0.5018108426751082,1.0607116850598262,-1.3052611546859338,1.6602013960506405,-1.8436933656976766
Nelson T. ,ROSTOCK SEAWOLVES,0.46447332365929916,-1.4058785430913023,0.7739735333898465,0.7763073876511223,-0.6845328746016655,-0.4657869137115972,1.1153955861386449
dos Santos Y. ,ratiopharm ulm,-0.9539424152623276,-1.183073799943214,-0.8432471011412556,-1.0953804185485942,-2.503704168619803,0.6814725354520121,0.13158763344370378
Obiesie J. ,FRAPORT SKYLINERS,-0.8996810429604788,-0.1647356946916229,-0.9712470668485067,0.3731434052468797,-2.487363246411222,0.6474327709982303,-3.219996740751704
Clyburn K. ,SYNTAINICS MBC,-1.3150132517003965,-1.2562165291362093,-1.1496091683319507,0.38076556974923,0.618348948106752,0.0532372607615461,1.7840410470326111
Hobbs B. ,Basketball Löwen Braunschweig,-0.9852528022521855,-2.8377075803208354,-0.03022236905978375,-2.23274035339054,-2.7682915760017015,2.305161412294055,2.7669194330334217
Winston C. ,FC Bayern München,-0.7369825516041005,0.24600081133512688,-1.484802764357889,0.024915233364953642,-1.612404918701928,-2.378486153003993,-0.3367656456565835
Bryce C. ,Würzburg Baskets,-0.6966139461791361,0.41422062636563023,-0.7778876871162484,1.7898754665535954,0.11426347020530148,-2.51775260682365,0.6434147694684568
Mushidi K. ,SYNTAINICS MBC,-0.7147048996182594,-1.4315642586080548,-0.4695460161661289,0.9131509447850542,-1.0168056423804932,-0.7717435194560907,-0.7299315517036522
Meisner L. ,Veolia Towers Hamburg,-0.7960874839846641,-0.5183053024861857,0.11026767021832341,1.8872819618021714,-0.02043654069571155,1.1368854567953632,-0.2686393571315495
Crandall G. ,BG Göttingen,-0.6251068855921444,0.20555409850428633,-0.5213160998181648,-0.9932078364103095,-2.6599723044814154,-1.0470507590454914,-0.5853098402353297
Ugrai M. ,MLP Academics Heidelberg,-0.6472059981299747,-0.07821533240574348,-0.17491183858720818,1.358129977697861,-1.574577243511508,0.10665547229246036,-3.0655108501447885
Hill A. ,medi bayreuth,-0.6529332220632909,-1.3862574645424386,0.18757942479582063,1.5552236926527852,-0.5080842809742073,0.35257994719481367,0.1133712569895758
Lewis J. ,HAKRO Merlins Crailsheim,-0.8019525560820713,0.3854848350420777,-0.4210485170002966,0.6281105264873615,0.7360700420752851,1.3929929720917635,-0.7352034110439366
Wank L. ,FRAPORT SKYLINERS,-0.6310406252492622,-1.3534466332844646,0.10760760885344944,0.5789165216552543,-0.6158345997551232,0.256281793961349,0.2509769085607394
Maxhuni E. ,HAKRO Merlins Crailsheim,-0.6089563195217734,-0.7421444460634222,-1.1723476029266637,-0.5875136439356756,-1.1341627815756756,-1.2559898732645403,-1.6666309441958191
Miller P. ,Brose Bamberg,0.768356061806464,-0.2988193824723516,0.5157415112005813,-1.4126896661281334,-1.0598730967535572,0.061720711459354455,-0.7351551748811745
Hammonds R. ,BG Göttingen,-0.6661201402468383,0.9476689501034126,0.27684050390453374,1.2071168132826589,1.2076957404521331,-0.3878563125281597,0.7536952965843677
Sengfelder C. ,Brose Bamberg,-0.602885789546385,-0.1358844642229593,0.28285123706487236,1.4465803351935402,0.5816047234443671,0.8119884926876356,0.4191590093594781
Filipovity M. ,NINERS Chemnitz,-0.25872000655299854,-1.0551296745565166,-0.40403041266881484,2.316327127446548,-1.3784906654827433,-1.6727768839369652,-0.21420273689177866
Woodard J. ,Veolia Towers Hamburg,-0.49391799749341164,-1.4124094143250485,-0.09796901827807794,0.5716620722559597,-0.20449555392070345,0.2238014578349904,-0.12494749620842178
Jallow K. ,ratiopharm ulm,-0.4266477461626041,0.3701802183252905,-0.11099077209221066,1.3355308357910218,0.011601279588080554,-0.8898955907815999,-0.27268496557963806
Rowe J. ,medi bayreuth,-0.4853712945855636,0.5074805601187422,-0.0017549985828626301,0.10536209239211469,-1.168664081095451,1.548077315778633,-1.3381092824026253
Delany F. ,Telekom Baskets Bonn,-0.3762671674727988,-0.40718173962510684,0.4805454812226916,0.42993795172695404,-0.38243664049176246,-0.4696963392733007,1.070987113475832
Young S. ,Brose Bamberg,-0.4138220197494559,-0.46122921931029265,0.7180121609517601,1.984565131492814,-0.3691363605231126,1.233193302166205,-0.5547809622537779
Kesteloot V. ,MLP Academics Heidelberg,-0.3354847258083084,0.7168608598845828,0.12583827496953925,1.7968456681492406,0.11618076968853776,-0.465171370518314,0.20889770257186033
Breunig M. ,SYNTAINICS MBC,-0.3994125406166192,2.1397217069353682,-0.16149412182101297,0.7323657166642893,0.6714928762252855,-1.3634214792389465,-1.1171303245897601
Coleman T. ,MLP Academics Heidelberg,-0.3556927972440277,-0.25351548986580225,0.1711677716760921,1.4009971647873174,-1.9102921985359815,0.7829812784431778,-3.1654773469069655
Polas Bartolo Y. ,MHP RIESEN Ludwigsburg,-0.2298232423367999,0.8737142384624681,0.1269702454977645,0.5981553481022694,-2.3186168453462677,-0.1136388449822091,-1.977215548538019
Velicka A. ,NINERS Chemnitz,-0.3270406603187343,-1.1810606212882242,-0.8005049817641787,-3.5315676294004157,-5.115922505915194,1.466001366855264,-1.0455743960414956
Leissner T. ,EWE Baskets Oldenburg,-0.09881857183574518,0.2664593403835195,0.5611449189728377,1.8400732915108085,-2.3032702677481285,-0.8589352931174077,0.5608228740658401
Yebo K. ,NINERS Chemnitz,-0.03903204923448279,2.35666717736714,0.16075317172125664,1.5640859037068549,-2.427337468920184,-2.4809005146958234,-0.5615642418895134
Smith J. ,ALBA BERLIN,-0.1388315625271044,-0.7906929909825392,-0.46142594364172773,0.36858735880317356,-1.2303433413127074,-1.5530927431243315,0.8241781178451394
Kratzer L. ,Telekom Baskets Bonn,-0.30635983486847906,2.362242622443646,0.7745558935031861,0.6841253244253829,1.753576678729297,-2.465734463883794,2.8769678270109695
Amaize R. ,Basketball Löwen Braunschweig,-0.5375050707929009,-0.5451043485015189,-0.4591933199536709,-0.9991039086495325,0.17248238701818952,1.4870726314425118,-2.5664948498117806
Pape T. ,BG Göttingen,-0.09200668577624448,0.7552862516980772,-0.01129332321109422,1.2280664099976608,-0.5818711330194074,-2.8293677783357114,0.39433565390765696
Bohacik J. ,Brose Bamberg,-0.3694631870854077,-0.7158256660480771,0.414173227255149,-0.06826853650938937,-0.4796041071060997,0.8388966258369794,0.0506167280929038
Livingston II O. ,HAKRO Merlins Crailsheim,-0.3050380481258599,0.08960571243569142,-1.1002301285977232,-0.7853515574827548,0.6289566307018349,-1.5854488105359488,-0.03440581762208786
Pjanic A. ,EWE Baskets Oldenburg,-0.11628325182977968,-0.8361281700230144,0.6282293292606299,1.4507897141277057,-0.6076601749115917,-1.3995477641596938,0.4385498803310146
Mikalauskas A. ,HAKRO Merlins Crailsheim,0.05213021496659396,-0.505829821873341,0.6836544698604884,0.7228580819078955,-2.0107036594938483,-1.0084018346126147,0.49190463932604406
Pearson N. ,ROSTOCK SEAWOLVES,-0.4246537017663319,0.36598017497126145,-0.054097707276419,-0.009705290991127035,1.7819872990352725,1.7645186196291345,-0.4280872301931384
Darden T. ,SYNTAINICS MBC,-0.15181649389863056,0.7976851008091292,-0.17125410336070257,0.8890780735693902,0.798915859924821,-0.4719663023927688,-0.6943293970330303
Susinskas M. ,NINERS Chemnitz,-0.1524636891030971,-0.42211391348162836,0.27882744030873724,0.23230908677942397,-0.6450836786929863,0.21840671579489185,0.27678893652509123
Callison C. ,SYNTAINICS MBC,-0.3818366474208274,-0.5086358200505506,-1.1467941159546842,-1.5874990684167034,1.6542676636998126,-0.45846967586802806,-0.7522296189187316
Frazier J. ,FRAPORT SKYLINERS,-0.2581666945409905,-0.888801846535635,0.14294388533597008,-0.9841965360446291,0.16849400118672062,0.30683798912325777,-0.9416898001676784
Herrera S. ,Telekom Baskets Bonn,-0.13455637771725848,-1.1755237850962068,-0.29605066062402097,-0.717625725051659,-0.5613294900461224,-0.37511951561828644,-0.5645844595407369
Richter J. ,NINERS Chemnitz,-0.19155447843485873,1.5529475747541819,0.32066659603953795,0.3584605173803893,2.17084269896979,-1.345981755354851,1.336940020942899
Sargiunas I. ,medi bayreuth,-0.05009866880137937,-0.38611918633561637,-0.35190404578038165,0.26279966254911036,-0.4902875397255143,-0.961093513550903,-1.224175144295358
Ward T. ,Telekom Baskets Bonn,-0.06167304818795939,-0.3739506912333348,0.3947157405736639,0.6503713266109576,0.07240444186418994,-0.380323387840577,0.1581900978373662
Stuckey M. ,HAKRO Merlins Crailsheim,0.05904601596179809,-1.7184135448789741,0.9394050822334488,0.8344655044373052,-1.0799162015578256,-0.6349128243835374,0.2150592901012504
Mawugbe S. ,ROSTOCK SEAWOLVES,0.06947250600572993,2.468449609096968,1.5786758252703688,1.069394434022347,-1.1798974406648555,-0.7466311163596623,-0.37909288639481037
Klepeisz T. ,ratiopharm ulm,0.0841910902375736,-1.6644195752066635,0.6725440432620526,-0.9407120785904087,-2.52744857082622,-0.3299608336280093,1.0268302835479783
Samar Z. ,Veolia Towers Hamburg,-0.16207723731956972,0.1257021845327812,-0.4338197919504413,-3.0149943296820494,-1.7220589788466591,0.9968095718775928,-1.0822031728123904
Stephens M. ,HAKRO Merlins Crailsheim,0.017957402931439513,0.6797710723423109,0.7032473433536471,1.2046645083897287,0.19066270499334595,0.011865217014947024,0.6720397001801273
Hawley J. ,ratiopharm ulm,0.12643612771204743,0.728310478931908,0.5464056572810655,1.2245172897625052,-0.15203534403924168,-0.9803725872470466,0.563124617907338
Nunez J. ,ratiopharm ulm,-0.1387782875822365,0.6425868423235594,-0.9214515042974732,-1.9667511753589677,-0.5619481455617196,1.1013112058196282,-2.185250719284281
Childs Y. ,Veolia Towers Hamburg,-0.13628203327613414,1.7284638558167935,0.044415467000554716,0.4773245358140425,2.5831962999734612,-0.11238814877521448,-0.24705443993119505
Rubit A. ,FC Bayern München,0.31268490517566255,1.2645061746160446,-0.4007278039947138,1.0734673108807782,-2.488176349650014,-1.2183215381626014,-1.6394114536606728
Johnson J. ,MHP RIESEN Ludwigsburg,-0.055593947865309995,0.11825645544240959,0.180301130626874,0.6028058910446652,0.7743132287632546,0.660325623365215,-0.7233890655981092
Lasisi E. ,MLP Academics Heidelberg,0.07400077371078964,-1.46433470494458,0.10093415796488539,0.5728978501974665,-0.10894131050867221,0.5944902266837182,0.13081936404644418
Thiemann J. ,ALBA BERLIN,0.37033035430264977,1.3804005304725033,0.015817936792302884,0.14164722685750114,-2.9291087086758534,-1.377586833650326,-0.556938451802091
Christen R. ,ratiopharm ulm,0.18263174582353275,-1.4972540035493849,1.0866274219397147,1.2462596978669793,-1.0738996000087886,0.05683038583960888,0.25879650764221956
Weidemann N. ,NINERS Chemnitz,-0.039166781479460844,-0.8090663729621637,-0.28680944387509355,-0.4991177228676543,-0.9492490980143202,0.4649043051687348,-1.2118230063165718
Bell A. ,Brose Bamberg,0.12082129505038874,0.5955125373994616,-0.08055269722820467,-1.8453811028735083,-0.46090769082740257,-1.289468973618125,0.04779170292486085
Whitehead I. ,MHP RIESEN Ludwigsburg,0.13509728725085768,-0.36252692897882655,-0.6964737708955729,0.14727522802870882,-0.6867687770902181,-0.3377281953182543,-3.423354413077597
Morgan J. ,Telekom Baskets Bonn,0.5089089773558406,-0.30996555463452297,0.40410179855731077,1.0524308180954622,-2.835942484360267,-1.786713141969117,0.11748402275106733
Malcolm C. ,Telekom Baskets Bonn,0.26459805880208564,0.18495367964842965,0.2143645459586478,0.431887515854358,-0.2126583072151322,-1.176089206484271,1.4077919076591257
Uguak A. ,NINERS Chemnitz,0.11137255316206071,-0.20192703007820256,0.26401613308453153,0.3129638059860781,0.1590982927617751,0.38114284251035596,-0.8267405462619641
Olinde L. ,ALBA BERLIN,0.40300244919631506,0.37031661472925664,0.49241382501381953,0.6149113914294304,-1.6176768447005472,-1.5170160071630303,0.9221098168220516
Midtgaard A. ,HAKRO Merlins Crailsheim,0.3299599140453885,1.7775000491454458,0.3686934849434059,1.0770220086009894,-0.056088915611018746,-1.9335270999643035,-0.18077963291613394
Bess J. ,BG Göttingen,0.1462196632617947,-0.7042070773774849,0.6078280364668649,0.08414727603146,0.5192204767827368,1.2465526801145714,0.2886722729723416
Kamp H. ,BG Göttingen,0.1903419765239721,1.0253304230432274,-0.04803490992491979,-0.19310215171230433,1.0570189008972906,-2.2735583946722056,-0.5412172947407324
Young K. ,medi bayreuth,0.17913557927469642,1.8428588986562315,0.7039355454341133,0.42088486448453855,0.8111576736829526,-0.2533988854592951,-1.5765199073517124
Reaves S. ,Brose Bamberg,0.38294872088801607,-0.9346140126348405,0.9378870065045561,0.6243629516977033,-0.6262253820814151,-1.4145794676568257,0.43071465160235567
Klassen O. ,EWE Baskets Oldenburg,0.27799920812345097,1.7899931499318587,0.6372591769624798,0.18981181265379174,-0.158961450362498,-0.6026667099181202,-1.1069937907565415
Stanic F. ,Würzburg Baskets,0.09819616951799462,1.663444681015322,0.44221816827719274,0.346491121318202,1.8240606359521996,0.7435509054059051,-2.6720025008212267
Schneider T. ,ALBA BERLIN,0.4019810053648274,-0.407215302146125,0.628243980046545,0.947844895691163,-0.060913837914733454,-0.8836353792879814,1.588384648015577
Bryant J. ,SYNTAINICS MBC,0.8599375354897977,1.5004316650321374,1.5626726016670964,-1.4661752079406134,-0.5325817758370132,0.6648537822026732,-0.18366844506249233
Wohlrath K. ,Brose Bamberg,0.3853057750940824,-0.7697659392713829,0.7561337506449956,0.7279449466903366,0.1383103672145175,-0.8707007208683347,1.4257285682204375
Chachashvili G. ,Brose Bamberg,0.42938388867751,1.7555424199598169,1.077703686985645,0.07876437296964102,-1.3091249074655322,-1.6851580221901243,-0.746550949322026
Bango J. ,Basketball Löwen Braunschweig,0.49246966037916945,1.779865259618846,0.5157816602388099,0.9272618844163437,-0.38673800789416624,-1.458536129584157,-0.15712022223445027
Zoosman Y. ,ALBA BERLIN,0.5352173223239289,0.14249579209028962,0.3226919943684942,0.1872538792986767,-1.4059588885356622,-1.0925631546998025,-0.003814368183237847
Tischler B. ,Basketball Löwen Braunschweig,0.4262093186454653,0.7667488669280079,0.5895993758940464,0.5473013793325374,-0.15428629619739098,-0.37631627845222476,-1.1688862670487479
Hinrichs S. ,Veolia Towers Hamburg,0.2838650507742251,0.5005879588003023,0.4278949882050765,-1.4189986647641692,0.39583275540376495,-0.04372196837171462,0.17302239001324865
Miller S. ,MHP RIESEN Ludwigsburg,0.5262036498709741,1.346312100284079,0.6477949181672246,0.8148094267517376,-0.17817857328886103,-1.8341670335943903,0.4888412859687254
Weiler-Babb N. ,FC Bayern München,-1.1875619110857212,-0.94652892557557,-0.5363521106070109,1.1503712400684831,0.8706742286331697,-0.24236406121564824,1.4042435455721596
Williams X. ,Würzburg Baskets,0.38937692079395647,-0.4012956730006111,0.7004760577346639,0.5887495432599905,0.7125620169652167,-0.257096330626433,0.17389329763576786
Griffin B. ,MLP Academics Heidelberg,0.5692173545961862,1.4463761682561085,0.5248678585167413,0.6442533220757012,-0.159928025490667,-2.0310154150963675,-0.4089254640525889
Paul B. ,ratiopharm ulm,0.519569555189735,-1.1911503002200268,0.5680851296585744,0.8105953185240521,-0.5692413909136942,-0.3895042154266107,-0.5075996234110454
Wetzell Y. ,ALBA BERLIN,0.5776082854575254,1.4065137041158187,0.08339057389938093,0.05344373073201773,0.1603144659920065,-2.577753566181563,0.15199420188695426
Bonga I. ,FC Bayern München,0.5069051515185612,0.37057517432178705,0.6714795228978316,-0.08178987946915259,-0.5130057321428713,0.24112590407592088,-0.343052690616214
Robertson Q. ,FRAPORT SKYLINERS,0.47882389948418097,-0.39308035996461593,0.363885216826749,-0.6033327740822968,-0.6947216443624888,-0.04798235169238721,-1.072861765120011
Radosavljevic B. ,HAKRO Merlins Crailsheim,0.5408939901000068,-0.4325691128398158,0.6742500827271332,-0.2353469824677837,-1.0413189025260727,-0.2889709420023935,-1.3424044621511497
Jaramaz O. ,FC Bayern München,0.45901248682717455,-0.6090338352952552,-0.2389671387780824,0.05575802618538913,0.38520138326112224,-0.2854700716648844,-2.7092159283847805
Clark W. ,NINERS Chemnitz,0.6312279719159892,-0.4311991482640216,0.28281933232871065,-0.7569269478327004,-0.10605171020312228,-1.3920649107374097,1.0530689158621556
Sikma L. ,ALBA BERLIN,0.6215245033087045,0.9722194902055485,0.09733881380028568,-1.7222193964607972,-0.3259855643456391,-1.2954676976665915,1.2956941649935676
Davis D. ,MLP Academics Heidelberg,0.6630633261035762,-0.31076397607367295,0.6176334120671423,0.9610918058941126,-0.004243817061066906,-0.878979794096804,-0.45043354035683186
Wohlfarth-Bottermann J. ,Veolia Towers Hamburg,0.6071424229698023,1.5496168187014419,0.7733963317468437,0.5973670700549403,0.056057058825277534,-0.595514823309681,-2.3032607152126547
Tischler N. ,Basketball Löwen Braunschweig,0.5081364307486691,0.48310657656856715,0.5841459698634605,-0.5898433808909765,0.9737081989189829,-0.3631747334151883,-0.787524030935047
Obst A. ,FC Bayern München,0.7272924967423192,-1.2441806596098282,0.4914424528301053,0.6632037062723788,-0.6765617175500839,-0.5781889318135609,-0.06421540873553386
Tadda K. ,Telekom Baskets Bonn,0.7126214659485698,-1.3448280852130354,0.9862360448416648,-0.0015140260770811294,-1.0641673996464356,-0.18679740927418162,-0.22577229763312356
Rich O. ,medi bayreuth,0.7694053305422862,0.08418986436670076,0.13250277097097546,0.143601189854722,-1.1635341417499854,-1.1151511801438658,-2.521552274473481
Williams D. ,Telekom Baskets Bonn,0.6517542393376374,-0.15567731038414043,0.882063438787152,0.27045992214364056,-0.059068862923758736,-0.2506413124214047,-0.8880163615417527
Holyfield T. ,EWE Baskets Oldenburg,0.6713914397734411,1.010450120820191,1.310870204747573,-0.21017457571408216,-0.14935864906171276,-0.2014886509246729,0.2972953099720363
Ballock M. ,SYNTAINICS MBC,0.8391133015766453,-1.1778432326047188,0.8414436751451131,0.2952904959092567,-0.6334102206395646,-1.1945995253229016,1.0747680445772756
Walden C. ,FC Bayern München,0.8239403168238876,-0.9919412980754839,0.21947953149486787,-0.06698185189816185,-2.011623686383348,-0.8029795182990088,-1.892864421079395
Heckmann P. ,Brose Bamberg,0.8421629942047513,-0.023952251212789755,1.136628565135609,-0.799939710898792,-2.1292920505495654,-0.6682458875574898,-0.2865606461944089
Lo M. ,ALBA BERLIN,0.7279906077259264,-0.5133013033431982,-0.12030183175011072,-0.9089479309259799,-0.9610793271312286,-0.11451517578121691,-1.3603513275629682
Blatt T. ,ALBA BERLIN,0.6990635945643733,-1.444460489524369,-0.22853607772752432,-2.4711078786883864,-1.8705409317128667,0.3914870942102208,0.11968766507729023
Roland J. ,ROSTOCK SEAWOLVES,0.7027019638536902,-1.024183185854829,0.37188906613472494,-0.18162032824400456,0.1587889842317436,-0.11885747052107808,-0.6521931682144649
Ely S. ,MLP Academics Heidelberg,0.8441718717816596,-0.10748097273468374,0.1973956214978397,0.4540244402299601,-0.8527062285357618,-0.6776725365164591,-1.7559874972951228
Carvacho N. ,Würzburg Baskets,0.8417862083180235,1.4380310740230615,1.2150875031047887,0.024202234026766176,-0.2089666029922771,-1.5339266063735404,-0.41705073888817945
Haarms M. ,FRAPORT SKYLINERS,0.9439616766530995,1.208318618474055,0.6575559540932717,0.4348029699571499,-0.40727325886180793,-1.435517190706161,-1.105990061433484
Schoormann L. ,Veolia Towers Hamburg,0.9443434768112478,-0.778223673823702,0.5109345105522796,0.555644188280938,-0.5078462644952549,-1.377313731711303,-1.2096773933017546
Simmons G. ,Brose Bamberg,0.8089640489020796,-1.0092194642633523,-0.0044781695595706985,0.09191212166370147,0.8071210139092653,-0.677063101090575,-1.3600042520471092
Gloger T. ,ROSTOCK SEAWOLVES,0.9779480991675021,1.121805932082478,0.38499196820295983,0.43906032776191994,-0.181621137970087,-2.0489457407568006,-1.0418615487079816
Bruhnke K. ,medi bayreuth,0.8570550727398752,-1.0866000883250502,0.8103975270182547,0.3618223224056513,-0.3513921901960491,0.1213261441593311,-0.8551258330143109
Koumadje C. ,ALBA BERLIN,0.9875308290237732,1.289697919371984,1.0612205916578925,0.39535083244660985,-0.376125147362602,-1.9203958277496485,-0.443286236405279
Giffey N. ,FC Bayern München,0.8825181472610694,-0.27307362781682204,0.587352343648698,-0.09094160858445068,0.3294739359603248,-0.610890646980404,-0.48694598289133745
Gillespie F. ,FC Bayern München,0.7448625714971662,1.4445228009407296,1.5998771748360094,-0.002405628639889256,1.10285043249301,1.4721630425898515,-0.7736392733126569
Vrcic B. ,HAKRO Merlins Crailsheim,0.843758108921494,-0.5147928355964314,0.4878878372202967,0.2391457265003996,0.3773697895506971,-0.07703531566085474,-1.292913047803604
Turudic B. ,Basketball Löwen Braunschweig,0.9044452329959188,0.6268738246144675,0.5004740086538371,-0.40916814753464864,0.18681320879808455,-1.4985962089867026,-1.5690438380639686
Roberson J. ,MHP RIESEN Ludwigsburg,0.98448494700196,0.38946889519568834,0.6273326626198028,0.20576091051225695,-0.19018518996593287,-1.243654604579756,-1.3483784667915681
Cherry W. ,MHP RIESEN Ludwigsburg,0.8600483857539681,-0.08380116222693833,-0.12396201680235955,-1.5364315975496052,-0.43569186989619874,0.050665532195959664,-1.8880216208442304
Patrick Ja. ,MHP RIESEN Ludwigsburg,1.102484476621257,-0.9905596960818573,0.8103302525023657,0.7361483650590991,-0.6506408898511366,-1.4443652750063949,-0.34543360813004553
Lewis M. ,FRAPORT SKYLINERS,0.9033806426227264,-0.4367253238561198,0.18827329232548567,-0.46037328131986366,0.8536537475925082,-0.7787335320867131,-1.5580345003630862
Kessens M. ,Telekom Baskets Bonn,0.9452344797691774,1.109437879553681,1.1334171114728293,-0.3669951312436702,0.49779918614117963,-0.24692437954944865,-0.6049148376424401
Vargas A. ,MLP Academics Heidelberg,1.08945236131066,-0.7047683386733543,1.0444850431341768,-0.03249061322939754,-0.9316490272483011,-0.5509416860119384,-0.5744343692371496
DiLeo M. ,EWE Baskets Oldenburg,0.958475110606082,-0.9522707077747448,0.46395457331945666,0.23762947051008643,0.11664514643049267,-0.1615201026580829,-2.1953775191524145
Edigin E. ,MHP RIESEN Ludwigsburg,1.0282286883452987,1.0124255191207807,1.2282220777143578,-0.19843023695641554,-0.001780256882304827,-0.6807572986641413,-1.6921666113286766
Teague M. ,EWE Baskets Oldenburg,1.0481050193700985,-0.20780401083389102,0.4649425018700714,0.08650220490546999,0.2658065814460043,-0.6844930395257269,-0.24155540875296996
Theis S. ,ROSTOCK SEAWOLVES,1.1263007473375741,-0.6036038499715727,0.6121302551561627,0.24068728927650584,-0.5688306832234503,-0.9933366807782616,-1.3661240677298083
Procida G. ,ALBA BERLIN,1.1410289983009598,-0.19656684211080458,0.4417799975667947,0.49737815114752093,-0.88576840567148,-0.5818421809745745,-1.6638216195945337
Welp C. ,Würzburg Baskets,1.0789281141305371,-0.04182827016255514,0.9214574744379825,0.19365964021108587,0.2133187137003105,-0.36116629971289854,-0.7041696291513746
Delow M. ,ALBA BERLIN,1.1337179804964264,-0.385724823595681,0.9908999641303715,-0.6836596778411835,-0.6107845277013062,-0.4886819492584121,0.432762699431479
Valtonen E. ,ROSTOCK SEAWOLVES,1.10385549826039,0.20586220701205363,0.24668276771518463,0.21813677947051482,0.2915723723738088,-0.7194814418443662,-1.9885597760950122
Tubutis E. ,FRAPORT SKYLINERS,1.0411168296855335,0.25762315059236235,0.8481515157906814,-0.174000554695716,0.9012101482001796,-0.4175636910378659,-0.018572743169341772
Ihring M. ,SYNTAINICS MBC,1.0741091164474872,-0.06362374273323343,0.38252193076408403,-1.2656176448135916,-0.3244171886672865,-4.2846624301337924e-05,-1.500283818703488
Fru S. ,Basketball Löwen Braunschweig,1.1639471674800046,0.5565698575056546,1.1470300150955144,0.135227073340997,-0.13365756770397913,-1.2157212482356317,-1.7129053552595668
Diallo N. ,medi bayreuth,1.3201630686214858,0.9146286761664402,0.8539806357852711,0.30114239512508784,-1.027970831466182,-2.905128633449198,-1.6964879681039717
Bähre J. ,MHP RIESEN Ludwigsburg,1.2554845769683605,0.3355833232242641,1.0089559401457693,0.38785028832221397,-0.35773655805117016,-0.9323846556319813,-0.26925249100235105
Lockhart D. ,NINERS Chemnitz,1.2277682548225346,-0.5538870272065236,1.5925216219709084,-0.897582544678137,-1.162887938783423,-0.9444530662877523,-0.33129418842657243
Hoffmann F. ,Würzburg Baskets,1.0986765490508672,-0.38299603822546047,0.8905591513534891,-0.09309202792283841,0.7110901808352621,0.47609987004112836,-1.036114578961034
Zugic F. ,ratiopharm ulm,1.3493992146525826,0.024081047146398707,0.46359656875175015,0.03729576695283224,-1.1174120931242977,-1.6197123096390789,-1.648318658273016
Clark II M. ,Veolia Towers Hamburg,1.2443035443965031,-0.483323189806996,0.8350189523362477,0.32442387174208803,0.07047447981243955,-0.875658324661587,-1.405344261826372
Lammers B. ,ALBA BERLIN,1.2314375823961354,0.6329136001980311,0.8052639400641185,0.2403857147775803,0.4137331044378299,-0.3969644878336407,-0.7837493757447056
Williams O. ,Würzburg Baskets,1.1463807731188946,-0.08489302724890854,0.24951446621876075,-1.059459681366358,0.811510186494988,-0.9924115638069145,-0.8673057237050072
Harris E. ,FC Bayern München,1.3495844078948591,0.6959843689485454,0.6211808323270949,0.10680476840850286,-0.29291272132285917,-2.1317150414858177,-0.7756738244287532
Jelks S. ,SYNTAINICS MBC,1.24924136103637,0.38108765965880725,1.7402324912032605,-0.5650958229234992,-1.2019422012673888,0.9044652332570157,-0.9673506824047919
Bleck F. ,HAKRO Merlins Crailsheim,1.213231439513375,0.14537369151583893,1.2996781935868953,-0.8907170807717,-0.3037184879956633,0.23267232233194027,-0.7678223637365338
van Slooten L. ,Basketball Löwen Braunschweig,1.0216018485480045,-1.144224665303456,0.7700617026021794,-0.4691567978933829,1.0862165718761738,1.5323533758441328,-2.7098698626337314
Doreth B. ,medi bayreuth,1.3528688923265624,-0.13119850296724309,1.3709699221538532,-2.0383217335822774,-1.6371449319268703,-1.5788291000876218,-0.13463237034221728
Carter C. ,ROSTOCK SEAWOLVES,1.2488727968107498,-0.018996241862489206,0.38040572011131835,-1.9909475125727383,-0.871331184042528,0.4779645054502593,-1.1562973635178433
Böhmer J. ,Würzburg Baskets,1.3973968976738844,-0.13112775637408514,1.0989810303770051,-0.5887340291702831,-0.5680022622793994,-1.9865315522125158,-1.4122980409815606
Mattisseck J. ,ALBA BERLIN,1.3815500406046126,-0.5453103834470228,0.9686453816120567,-0.10705945652357082,-0.3350661867117752,-1.3056895223729732,-1.0090756223705184
Herzog L. ,MLP Academics Heidelberg,1.3890683775419375,-0.3529248900400051,0.6768735479534427,-0.0923785539562556,-0.22487792512390142,-0.8907121199917547,-1.037480338824704
Ensminger Z. ,Telekom Baskets Bonn,1.469300710882072,-0.23079844016371132,0.810694169446114,-0.24458969035395464,-0.24465176223699509,-1.6718652522520918,-0.8771226150093516
Wimberg N. ,FC Bayern München,1.3410980895214457,-0.01783737848410215,1.3137692441294708,-0.4972738506803421,0.44800869755393435,0.02383351342651303,-0.5741358465282393
Fuchs D. ,ratiopharm ulm,1.508747808849431,0.5671176260865193,0.5740056615833304,0.1492325956289376,-0.3633186302389887,-1.6433964475010336,-1.5508718182371317
Mönninghoff M. ,BG Göttingen,1.5266906683966996,-0.21604470064945808,0.9618866769833734,-0.08131387836762148,-0.6111059280895029,-0.4628305648101931,-1.3169852695763147
Philipps C. ,Veolia Towers Hamburg,1.4894635890169003,-0.07182958723655646,1.0337602010220928,-0.4375350380134928,-0.3058999700419419,-0.7766041679692802,-2.2743214260835463
Grant S. ,medi bayreuth,1.4918031954094442,-0.22570288390325235,0.8213027622702541,-0.31916982072372196,-0.18597051520117627,0.0208398744360424,-1.3898965870928854
George J. ,NINERS Chemnitz,1.481415980555086,-0.12825356809881572,0.7599327272425475,-0.46586275737767235,0.20589782964083211,-0.2966680608644549,-1.0720121954764483
Zipser P. ,FC Bayern München,1.561455693211121,-0.20739743064412317,0.6634421391513938,-0.23273262913359222,-0.04862660067110588,-0.4138893851912891,-1.3379881943275878
Caisin R. ,SYNTAINICS MBC,1.6052091962717951,-0.09995860025904826,0.7536048887014156,-0.1262373607073122,0.2270559602503893,-0.8548039412262586,-1.1931934350153743
Nikic K. ,medi bayreuth,1.6144160498133637,0.483381397978603,0.7192517431111758,-0.32243346515814086,0.2757169331503593,-1.2627195024275193,-0.9890328141360838
Hundt B. ,EWE Baskets Oldenburg,1.6505020918910207,-0.2584421386883185,0.5781854445145131,-0.31574249250282704,0.2524396588662037,-1.5990168215999967,-1.1452453777910927
Kindzeka R. ,HAKRO Merlins Crailsheim,1.777091124505414,-0.10087027911269474,1.1785808831578297,-0.38612957445582574,-0.5479327655188369,-1.9334930506127705,-1.0673507487914708
Besselink M. ,BG Göttingen,1.747543695247532,-0.35664595882324956,1.129496943780057,-0.2568825384652051,-0.16352938964586394,-1.4107944334002382,-1.0199202641086076
Samare J. ,FRAPORT SKYLINERS,1.7790487654352458,0.11798371386848655,0.8871255138092083,-0.3695660820847132,-0.31661911110322705,-1.7483251136243319,-1.0894013573157704
Agbakoko N. ,EWE Baskets Oldenburg,1.746985689902312,0.3663344163529431,0.9362123388934651,-0.3923983263436466,0.19029093010097306,-1.3017531395423618,-1.7549377314811636
Ilzhöfer S. ,ROSTOCK SEAWOLVES,1.8333144414811988,0.14168347901623976,1.1383284837600074,-0.8330374399267592,-0.21483279632099686,-1.65053478763334,-0.4439619352246944
Nawrocki D. ,ROSTOCK SEAWOLVES,1.8242012498643387,-0.14576182262913018,0.7286369167935777,-0.34071623851334415,0.08442683300833048,-0.837587071052514,-1.037278075293976
Giotis M. ,BG Göttingen,1.9341181465827222,-0.027493726652202725,0.3027352718429713,-0.14351290792995908,0.17271464796755975,-0.1545044632273402,-1.4424103575241265
Patrick J. ,MHP RIESEN Ludwigsburg,1.9249601683703748,-0.32131264398602377,0.4610760382473377,-0.40706965759032204,0.049070631950818615,-0.5453083579984909,-1.0541087494451455
